A,B,C,D,Ans1,Ans2,Ans3,Ans4,type_relation,type_relation_jones,semantic_distance_near_far,distractor_salience_high_low
press,fruit juice,heels,fallen tree,lumberjack,hatchet,saw,forest,actie-resultaat,causal,,
stumble,fall,clean up,order,clutter,junk,room,thrift store,actie-resultaat,causal,far,high
shout,hoarse,clean up,order,clutter,junk,room,thrift store,actie-resultaat,causal,far,high
polishing,shine,photography,photo,camera,mountain,vacation,roll,actie-resultaat,causal,,high
drill,hole,photography,photo,camera,mountain,vacation,roll,actie-resultaat,causal,,high
photography,photo,seeding,plant,garden center,garden,soil,vegetable garden,actie-resultaat,causal,far,high
work,income,pave,street,tiles,garden,paver,hammer,actie-resultaat,causal,far,high
bins,cake,pave,street,tiles,garden,paver,hammer,actie-resultaat,causal,,high
work,money,calculate,solution,change,pencil,calculator,geography,actie-resultaat,causal,,high
run,tired,calculate,solution,change,pencil,calculator,geography,actie-resultaat,causal,far,high
calculate,reply,sleep,equipped,bed,bedroom,tired,pajamas,actie-resultaat,causal,far,high
stumble,fall,sleep,equipped,bed,bedroom,tired,pajamas,actie-resultaat,causal,far,high
dismiss,unemployed,questions,reply,Miss,class,book,assignments,actie-resultaat,causal,far,low
wash,clean,questions,reply,Miss,class,book,assignments,actie-resultaat,causal,far,low
scrub,clean,sun,burned,lemon,beach,stars,cooking,actie-resultaat,causal,,high
work,income,sun,burned,lemon,beach,stars,cooking,actie-resultaat,causal,far,high
bins,cake,call,conversation,phone,listen,phone number,soap,actie-resultaat,causal,far,high
scrub,clean,call,conversation,phone,listen,phone number,soap,actie-resultaat,causal,far,high
cooking,dinner,bins,cake,griddle,soup,evening,baker,actie-resultaat,causal,near,low
wash,clean,cooking,done,stove,nice,ice,chef,actie-resultaat,causal,near,high
draw,drawing,cooking,done,stove,nice,ice,chef,actie-resultaat,causal,far,high
black driving,fine,help,thank you,shopping,washing up,little sister,fine,actie-resultaat,causal,far,high
grub,potatoes,poetry,poem,write,open,store,clouds,actie-resultaat,causal,,high
designs,design,poetry,poem,write,open,store,clouds,actie-resultaat,causal,far,high
run,tired,hit,pain,boxing glove,boxer,lettuce,athletics,actie-resultaat,causal,,high
leather,knowledge,hit,pain,boxing glove,boxer,lettuce,athletics,actie-resultaat,causal,far,high
dismiss,unemployed,dig,pit,scoop,soil,work,beach,actie-resultaat,causal,far,low
leather,knowledge,build,house,abort,builder,books,stone,actie-resultaat,causal,,high
work,money,accident,injured,car,dangerous,street,Monday,actie-resultaat,causal,far,low
prepare,meal,composing,music,microphone,singer,saw,instrument,actie-resultaat,causal,,low
cooking,dinner,composing,music,microphone,singer,saw,instrument,actie-resultaat,causal,,low
shout,hoarse,write,book,empty,phone,pen,computer,actie-resultaat,causal,far,low
write,book,composing,music,composer,orchestra,nuts,producer,actie-resultaat,causal,,low
calculate,reply,composing,music,composer,orchestra,nuts,producer,actie-resultaat,causal,far,low
multiply,product,shaving,smooth,hair,chin,beard,morning,actie-resultaat,causal,,high
grub,potatoes,shaving,smooth,hair,chin,beard,morning,actie-resultaat,causal,far,high
painting,painting,shaving,smooth,hair,chin,beard,morning,actie-resultaat,causal,,high
press,fruit juice,purée,puree,tomatoes,fruit,blender,PU foam,actie-resultaat,causal,near,low
multiply,product,purée,puree,tomatoes,fruit,blender,PU foam,actie-resultaat,causal,far,low
black driving,fine,seeding,plant,earth,sharks,field,farmer,actie-resultaat,causal,far,low
photography,photo,seeding,plant,earth,sharks,field,farmer,actie-resultaat,causal,far,low
seeding,plant,rush,on time,slow,late,train,together,actie-resultaat,causal,,
write,book,rush,on time,slow,late,train,together,actie-resultaat,causal,,
drill,hole,carpentry,cabinet,wood,hammer,carpenter,school,actie-resultaat,causal,far,high
seeding,plant,carpentry,cabinet,wood,hammer,carpenter,school,actie-resultaat,causal,far,high
build,house,cut,hairstyle,scissors,link,llama,laugh,actie-resultaat,causal,far,high
draw,drawing,masonry,wall,carpentry,builder,brick,cement,actie-resultaat,causal,,high
puppy,dog,kitten,cat,mouse,chunks,fish,basket,classificatie,categorical,near,low
calf,cow,kitten,cat,mouse,chunks,fish,basket,classificatie,categorical,near,low
mother,family member,Africa,continent,dollar,countries,south,warm,classificatie,categorical,far,low
Belgium,country,Africa,continent,dollar,countries,south,warm,classificatie,categorical,,low
sadness,emotion,table,furniture,hit,put down,angry,chair,classificatie,categorical,far,high
knife,cutlery,table,furniture,hit,put down,angry,chair,classificatie,categorical,,high
Rotterdam,city,blue,color,flag,boat,book,mouth,classificatie,categorical,far,low
lemon,fruit,blue,color,flag,boat,book,mouth,classificatie,categorical,,low
pants,clothing,peanut butter,siege,bread,sprinkles,lubricate,knife,classificatie,categorical,far,high
apple,fruit,peanut butter,siege,bread,sprinkles,lubricate,knife,classificatie,categorical,,high
sweater,clothing,winter,season,cold,snow,freeze,summer,classificatie,categorical,,high
cauliflower,vegetable,winter,season,cold,snow,freeze,summer,classificatie,categorical,far,high
hand,body part,train,means of transport,bus,station,ticket,conductor,classificatie,categorical,far,high
house,building,train,means of transport,bus,station,ticket,conductor,classificatie,categorical,far,high
Belgium,country,bracelet,jewelry,ring,animal,color,plant,classificatie,categorical,far,low
sweater,clothing,bracelet,jewelry,ring,animal,color,plant,classificatie,categorical,near,low
cabinet,furniture,sparrow,bird,mees,tree,nest,beak,classificatie,categorical,far,low
mouse,rodent,sparrow,bird,mees,tree,nest,beak,classificatie,categorical,near,low
school,building,cabinet,furniture,table,la,door,sound,classificatie,categorical,,high
church,building,cabinet,furniture,table,la,door,sound,classificatie,categorical,,high
green,color,ring,jewelry,gold,book,air,vehicle,classificatie,categorical,,low
witch,fairy tale character,ring,jewelry,gold,book,air,vehicle,classificatie,categorical,,low
lego,toy,grandpa,family member,sister,sweet,beard,play,classificatie,categorical,,high
car,means of transport,grandpa,family member,sister,sweet,beard,play,classificatie,categorical,,high
mouse,rodent,letter carrier,occupation,animal,fireman,packages,stamp,classificatie,categorical,far,high
Rotterdam,city,letter carrier,occupation,animal,fireman,packages,stamp,classificatie,categorical,far,high
car,means of transport,euro,currency,plant,house,forest,cloud,classificatie,categorical,far,low
yellow,color,euro,currency,plant,house,forest,cloud,classificatie,categorical,far,low
witch,fairy tale character,summer,season,warm,sun,winter,vacation,classificatie,categorical,far,high
hand,body part,summer,season,warm,sun,winter,vacation,classificatie,categorical,far,high
house,building,car,vehicle,bike,send,drive,pollution,classificatie,categorical,,high
sadness,emotion,car,vehicle,bike,send,drive,pollution,classificatie,categorical,,high
chicken,bird,head,body part,header,beak,beast,hat,classificatie,categorical,far,high
cabinet,furniture,head,body part,header,beak,beast,hat,classificatie,categorical,far,high
church,building,pop,toy,lego,clothes,girls,play,classificatie,categorical,far,high
school,building,pop,toy,lego,clothes,girls,play,classificatie,categorical,,high
four,number,root,vegetable,fruit,clothing,country,color,classificatie,categorical,far,low
cola,soda,root,vegetable,fruit,clothing,country,color,classificatie,categorical,,low
cactus,plant,root,vegetable,fruit,clothing,country,color,classificatie,categorical,,low
pigeon,bird,shark,fish,mammal,sea,water,teeth,classificatie,categorical,near,low
sweater,clothing,shark,fish,mammal,sea,water,teeth,classificatie,categorical,,low
hose,reptile,shark,fish,mammal,sea,water,teeth,classificatie,categorical,near,low
lemon,fruit,sock,clothing,shoe,toy,color,glove,classificatie,categorical,far,high
lego,toy,sock,clothing,shoe,toy,color,glove,classificatie,categorical,far,high
yellow,color,one hundred,number,euro,duration,centimeter,thousand,classificatie,categorical,far,high
green,color,one hundred,number,euro,duration,centimeter,thousand,classificatie,categorical,far,high
sweater,clothing,flat,building,high,money,live,elevator,classificatie,categorical,far,high
drop,candy,flat,building,high,money,live,elevator,classificatie,categorical,far,high
cauliflower,vegetable,foot,body part,book,clothing,feel,animal,classificatie,categorical,far,low
peach,fruit,foot,body part,book,clothing,feel,animal,classificatie,categorical,far,low
apple,fruit,cow,mammal,plant,house,garden,hand,classificatie,categorical,far,low
chicken,bird,cow,mammal,plant,house,garden,hand,classificatie,categorical,near,low
ladybug,bug,cow,mammal,plant,house,garden,hand,classificatie,categorical,far,low
peach,fruit,hospital,building,doctor,food,nice,sick,classificatie,categorical,far,high
mother,family member,hospital,building,doctor,food,nice,sick,classificatie,categorical,far,high
knife,cutlery,bird,animal,plant,cut,brown,meat,classificatie,categorical,far,low
tulip,flower,bird,animal,plant,cut,brown,meat,classificatie,categorical,,low
frog,amphibian,bird,animal,plant,cut,brown,meat,classificatie,categorical,near,low
tulip,flower,pink,finger,hand,nail,bite,toe,classificatie,categorical,,low
pigeon,bird,pink,finger,hand,nail,bite,toe,classificatie,categorical,far,low
oak,tree,pink,finger,hand,nail,bite,toe,classificatie,categorical,far,low
cola,soda,lollipop,candy,cake,vegetable,fruit,healthy,classificatie,categorical,near,low
four,number,lollipop,candy,cake,vegetable,fruit,healthy,classificatie,categorical,far,low
drop,candy,cup,tableware,cup,drink,coffee,milk,classificatie,categorical,,high
puppy,dog,cup,tableware,cup,drink,coffee,milk,classificatie,categorical,far,high
nail,finger,lips,mouth,fuselage,trials,cheek,ear,deel - geheel,compositional,near,low
heart valve,heart,lips,mouth,fuselage,trials,cheek,ear,deel - geheel,compositional,,low
earring,ear,lips,mouth,fuselage,trials,cheek,ear,deel - geheel,compositional,near,low
paw,chair,finger,hand,toe,ring,nail,wrist,deel - geheel,compositional,near,high
leg,body,finger,hand,toe,ring,nail,wrist,deel - geheel,compositional,near,high
space bar,keyboard,mouth,face,lips,nose,food,intestines,deel - geheel,compositional,,high
seat,chair,mouth,face,lips,nose,food,intestines,deel - geheel,compositional,near,high
tree,forest,mouth,face,lips,nose,food,intestines,deel - geheel,compositional,,high
leg,body,paw,dog,arm,muzzle,claw,tail,deel - geheel,compositional,,high
beak,duck,paw,dog,arm,muzzle,claw,tail,deel - geheel,compositional,near,high
key,piano,string,violin,conductor,drum,music,note,deel - geheel,compositional,near,high
key,keyboard,string,violin,conductor,drum,music,note,deel - geheel,compositional,,high
bird,swarm,dog,pack,herd,club,guinea pig,horse,deel - geheel,compositional,near,low
person,group,dog,pack,herd,club,guinea pig,horse,deel - geheel,compositional,,low
page,book,leaf,tree,earth,veins,biology,school,deel - geheel,compositional,,high
branches,bush,leaf,tree,earth,veins,biology,school,deel - geheel,compositional,near,high
seat,chair,pillow,bed,sisters,cotton,sleep,dream,deel - geheel,compositional,near,low
paw,chair,pillow,bed,sisters,cotton,sleep,dream,deel - geheel,compositional,near,low
key,keyboard,page,book,paper,read,cover,title,deel - geheel,compositional,far,high
key,piano,page,book,paper,read,cover,title,deel - geheel,compositional,far,high
sand,desert,tree,forest,bark,sea,whale,acorns,deel - geheel,compositional,near,low
pit,fruit,tree,forest,bark,sea,whale,acorns,deel - geheel,compositional,near,low
here,everywhere,now,always,soon,nowhere,clock,never,deel - geheel,compositional,near,high
planet,universe,now,always,soon,nowhere,clock,never,deel - geheel,compositional,far,high
you,everyone,now,always,soon,nowhere,clock,never,deel - geheel,compositional,near,high
her,brush,cap,bottle,nose,pan,store,little hole,deel - geheel,compositional,,low
nail,finger,cap,bottle,nose,pan,store,little hole,deel - geheel,compositional,,low
send,car,air,lungs,lunch,breathe,brakes,oil,deel - geheel,compositional,,low
room,house,air,lungs,lunch,breathe,brakes,oil,deel - geheel,compositional,,low
port,city,door,house,chimney,window,threshold,robe,deel - geheel,compositional,near,high
send,car,door,house,chimney,window,threshold,robe,deel - geheel,compositional,near,high
room,house,soprano,vocal choir,swan,song,sing,old,deel - geheel,compositional,far,high
mother,parents,soprano,vocal choir,swan,song,sing,old,deel - geheel,compositional,,high
spoke,wheel,grade,phone number,conversation,fingers,phone case,call,deel - geheel,compositional,far,
page,book,grade,phone number,conversation,fingers,phone case,call,deel - geheel,compositional,far,
grass,soccer field,water,sea,fish,plants,dolphin,salt,deel - geheel,compositional,near,high
sand,desert,water,sea,fish,plants,dolphin,salt,deel - geheel,compositional,near,high
branches,bush,sleeves,sweater,pipe,pants,cat,button,deel - geheel,compositional,,high
her,brush,sleeves,sweater,pipe,pants,cat,button,deel - geheel,compositional,,high
tomato,pizza,sugar,pancake,milk,banana,cheese,delivery driver,deel - geheel,compositional,near,high
grass,soccer field,sugar,pancake,milk,banana,cheese,delivery driver,deel - geheel,compositional,far,high
mother,parents,Miss,teachers,apprentice,calculate,father,friend,deel - geheel,compositional,near,high
bird,swarm,Miss,teachers,apprentice,calculate,father,friend,deel - geheel,compositional,far,high
brick,building,letter,word,spelling,drawing,grammar,read,deel - geheel,compositional,,high
space bar,keyboard,letter,word,spelling,drawing,grammar,read,deel - geheel,compositional,,high
page,book,letter,word,spelling,drawing,grammar,read,deel - geheel,compositional,,high
planet,universe,minute,hours,appointment,second,sixty,clock,deel - geheel,compositional,far,high
hello,week,minute,hours,appointment,second,sixty,clock,deel - geheel,compositional,near,high
stem,plant,clock,church,god,pray,mosque,faith,deel - geheel,compositional,,low
tomato,pizza,clock,church,god,pray,mosque,faith,deel - geheel,compositional,far,low
lace,shoe,clock,church,god,pray,mosque,faith,deel - geheel,compositional,far,low
hello,week,checkout,supermarket,pay,month,shopping,traffic circle,deel - geheel,compositional,,low
month,year,checkout,supermarket,pay,month,shopping,traffic circle,deel - geheel,compositional,far,low
month,year,hello,month,hours,birthday,time,watch,deel - geheel,compositional,near,low
here,everywhere,hello,month,hours,birthday,time,watch,deel - geheel,compositional,near,low
heart valve,heart,chalice,flower,milk,body,mess,watering can,deel - geheel,compositional,,low
zipper,jacket,chalice,flower,milk,body,mess,watering can,deel - geheel,compositional,far,low
person,group,country,continent,capital,inhabitants,Netherlands,ocean,deel - geheel,compositional,,low
port,city,country,continent,capital,inhabitants,Netherlands,ocean,deel - geheel,compositional,,low
beak,duck,muzzle,mouse,paws,tail,handkerchief,whiskers,deel - geheel,compositional,near,high
stem,plant,muzzle,mouse,paws,tail,handkerchief,whiskers,deel - geheel,compositional,far,high
hoof,horse,muzzle,mouse,paws,tail,handkerchief,whiskers,deel - geheel,compositional,far,high
pit,fruit,sleeve,jacket,pants,cat,scarf,fabric,deel - geheel,compositional,,low
brick,building,sleeve,jacket,pants,cat,scarf,fabric,deel - geheel,compositional,,low
pens,pencil case,sleeve,jacket,pants,cat,scarf,fabric,deel - geheel,compositional,near,low
zipper,jacket,laces,shoe,hat,map,eye,mother,deel - geheel,compositional,near,low
spoke,wheel,laces,shoe,hat,map,eye,mother,deel - geheel,compositional,far,low
buttons,shirt,laces,shoe,hat,map,eye,mother,deel - geheel,compositional,near,low
fire truck,rose,lemon,daffodil,snowdrop,grass,cucumber,clover,delen een eigenschap,compositional?,far,high
ink,raven,lemon,daffodil,snowdrop,grass,cucumber,clover,delen een eigenschap,compositional?,far,high
lemon,sun,cookie monster,the sky,food,earth,forest,cookies,delen een eigenschap,compositional?,,
frog,grass,cookie monster,the sky,food,earth,forest,cookies,delen een eigenschap,compositional?,,
tea towel,towel,glasses,lenses,sweater,potato,face,eyes,delen een eigenschap,compositional?,,low
vacuum cleaner,broom,glasses,lenses,sweater,potato,face,eyes,delen een eigenschap,compositional?,far,low
snow,sugar,coffee,date,salt,cauliflower,notebook,gold,delen een eigenschap,compositional?,near,high
lemon,sun,coffee,date,salt,cauliflower,notebook,gold,delen een eigenschap,compositional?,near,high
snow,paper,drop,ant,cabinet,Miss,coat rack,house,delen een eigenschap,compositional?,far,high
snow,sugar,drop,ant,cabinet,Miss,coat rack,house,delen een eigenschap,compositional?,far,high
sun,moon,rain,snow,chair,chicken,basket,door,delen een eigenschap,compositional?,near,low
scissors,knife,rain,snow,chair,chicken,basket,door,delen een eigenschap,compositional?,,low
pencil,typewriter,grandpa,grandma,retirement home,tissues,tablets,clowns,delen een eigenschap,compositional?,far,low
giant,mountain,grandpa,grandma,retirement home,tissues,tablets,clowns,delen een eigenschap,compositional?,,low
father,mother,grandpa,grandma,retirement home,tissues,tablets,clowns,delen een eigenschap,compositional?,near,low
watch,clock,letter,email,letter,time,minutes,paper,delen een eigenschap,compositional?,far,low
notebook,book,letter,email,letter,time,minutes,paper,delen een eigenschap,compositional?,,low
pancake,sign,egg,tennis ball,chicken,calendar,poster,baking dish,delen een eigenschap,compositional?,near,high
chain,bracelet,egg,tennis ball,chicken,calendar,poster,baking dish,delen een eigenschap,compositional?,far,high
Paris,Rome,amusement park,playground,school,greengrocer,bicycle mechanic,doctor,delen een eigenschap,compositional?,far,low
scissors,knife,chick,silk,sandpaper,sword,phone,tree,delen een eigenschap,compositional?,,high
freezer,North Pole,chick,silk,sandpaper,sword,phone,tree,delen een eigenschap,compositional?,far,high
frog,grass,root,tangerine,path,pond,ant,table,delen een eigenschap,compositional?,,high
lemon,sun,root,tangerine,path,pond,ant,table,delen een eigenschap,compositional?,,high
blood,lips,grass,frog,lemon,fish,tangerine,rainbow,delen een eigenschap,compositional?,,high
sun,corn,grass,frog,lemon,fish,tangerine,rainbow,delen een eigenschap,compositional?,far,high
lamb,cub,magnifying glass,microscope,kaleidoscope,stethoscope,cinema,cheap,delen een eigenschap,compositional?,far,low
lighter,match,magnifying glass,microscope,kaleidoscope,stethoscope,cinema,cheap,delen een eigenschap,compositional?,far,low
crocodile,hose,tiger,lion,blackbird,goldfish,lizard,otter,delen een eigenschap,compositional?,near,high
lamb,cub,tiger,lion,blackbird,goldfish,lizard,otter,delen een eigenschap,compositional?,near,high
baby,puppy,spin,ladybug,giant,elephant,giraffe,cooking,delen een eigenschap,compositional?,,low
crocodile,hose,spin,ladybug,giant,elephant,giraffe,cooking,delen een eigenschap,compositional?,near,low
dolphin,fish,hose,spin,forest,tree,terrarium,bat,delen een eigenschap,compositional?,,high
otter,goldfish,hose,spin,forest,tree,terrarium,bat,delen een eigenschap,compositional?,,high
chain,bracelet,newspaper,journal,magazine,book,clock house,minister,delen een eigenschap,compositional?,far,high
pencil,typewriter,newspaper,journal,magazine,book,clock house,minister,delen een eigenschap,compositional?,far,high
otter,goldfish,hare,cheetah,forest,Africa,dolphin,desert,delen een eigenschap,compositional?,near,low
mouse,elephant,hare,cheetah,forest,Africa,dolphin,desert,delen een eigenschap,compositional?,near,low
Netherlands,France,cola,orange juice,cork,bottle,glass,drink,delen een eigenschap,compositional?,far,low
candy,cookies,cola,orange juice,cork,bottle,glass,drink,delen een eigenschap,compositional?,near,low
freezer,North Pole,oven,desert,ladle,ocean,mouse,bubble,delen een eigenschap,compositional?,near,high
snow,paper,oven,desert,ladle,ocean,mouse,bubble,delen een eigenschap,compositional?,,high
giant,mountain,gnome,mouse,dog,elephant,hippo,rhino,delen een eigenschap,compositional?,far,high
baby,puppy,gnome,mouse,dog,elephant,hippo,rhino,delen een eigenschap,compositional?,,high
mouse,elephant,water,glass,purple,sea,mittens,safari,delen een eigenschap,compositional?,far,high
fire truck,rose,water,glass,purple,sea,mittens,safari,delen een eigenschap,compositional?,far,high
ink,raven,iron,stone,milk,oxygen,gas,water,delen een eigenschap,compositional?,far,high
blood,lips,iron,stone,milk,oxygen,gas,water,delen een eigenschap,compositional?,,high
candy,cake,fries,croquette,mayonnaise,tangerine,drop,peanut butter,delen een eigenschap,compositional?,near,high
sun,moon,fries,croquette,mayonnaise,tangerine,drop,peanut butter,delen een eigenschap,compositional?,far,high
apple,pear,fries,croquette,mayonnaise,tangerine,drop,peanut butter,delen een eigenschap,compositional?,,high
sparrow,plane,chocolate,cookies,blackbird,pure,calendar,pastry chef,delen een eigenschap,compositional?,far,low
salt,paper,chocolate,cookies,blackbird,pure,calendar,pastry chef,delen een eigenschap,compositional?,near,low
pepper,sambal,chocolate,cookies,blackbird,pure,calendar,pastry chef,delen een eigenschap,compositional?,near,low
Paris,Rome,Terschelling,Iceland,city,Germany,the Rhine,Limburg,delen een eigenschap,compositional?,far,high
Netherlands,France,Terschelling,Iceland,city,Germany,the Rhine,Limburg,delen een eigenschap,compositional?,far,high
notebook,book,cup,sign,knife,pan,fork,refrigerator,delen een eigenschap,compositional?,far,high
watch,clock,cup,sign,knife,pan,fork,refrigerator,delen een eigenschap,compositional?,,high
salt,paper,sermon,speech,white,pastor,president,elections,delen een eigenschap,compositional?,far,high
sparrow,plane,sermon,speech,white,pastor,president,elections,delen een eigenschap,compositional?,far,high
shoulder bag,backpack,notebook,notebook,wheelchair,bank,knife,grass,dezelfde categorie,categorical,far,high
car,bike,notebook,notebook,wheelchair,bank,knife,grass,dezelfde categorie,categorical,,high
slippers,shoes,notebook,notebook,wheelchair,bank,knife,grass,dezelfde categorie,categorical,far,high
happy,angry,run,run,traffic light,cry,shopping,sad,dezelfde categorie,categorical,,
comic book,reading book,run,run,traffic light,cry,shopping,sad,dezelfde categorie,categorical,far,
shoe,clog,sun,moon,low,sinterklaas,cake,cold,dezelfde categorie,categorical,,low
oak,birch,sun,moon,low,sinterklaas,cake,cold,dezelfde categorie,categorical,,low
horse,donkey,mouse,rat,muzzle,paws,elephant,zebra,dezelfde categorie,categorical,near,low
root,cauliflower,mouse,rat,muzzle,paws,elephant,zebra,dezelfde categorie,categorical,far,low
arms,legs,keyboard,mouse,air,grass,chicken,bus,dezelfde categorie,categorical,,low
tablet,laptop,keyboard,mouse,air,grass,chicken,bus,dezelfde categorie,categorical,near,low
vacuum cleaner,iron,keyboard,mouse,air,grass,chicken,bus,dezelfde categorie,categorical,,low
Spain,Netherlands,Rome,Berlin,Flevoland,Brazil,Barcelona,France,dezelfde categorie,categorical,,low
Earth,Mars,Rome,Berlin,Flevoland,Brazil,Barcelona,France,dezelfde categorie,categorical,far,low
pencil,pen,six,nineteen,yawn,blessing,onions,paper,dezelfde categorie,categorical,,low
two,five,six,nineteen,yawn,blessing,onions,paper,dezelfde categorie,categorical,near,low
dress,sock,pen,pencil,filling,write,magazine,paper,dezelfde categorie,categorical,far,low
knife,fork,pen,pencil,filling,write,magazine,paper,dezelfde categorie,categorical,near,low
custard,yogurt,blue,green,air,beautiful,smurf,sign,dezelfde categorie,categorical,,low
happy,angry,blue,green,air,beautiful,smurf,sign,dezelfde categorie,categorical,,low
cat,tiger,dog,wolf,lion,sheep,mouse,bone,dezelfde categorie,categorical,near,low
lion,tiger,dog,wolf,lion,sheep,mouse,bone,dezelfde categorie,categorical,near,low
lion,tiger,grasshopper,cricket,camouflage,spin,elephant,nature,dezelfde categorie,categorical,near,high
horse,donkey,grasshopper,cricket,camouflage,spin,elephant,nature,dezelfde categorie,categorical,,high
door,port,euro,dollar,money,wallet,pay,store,dezelfde categorie,categorical,far,low
table,chair,euro,dollar,money,wallet,pay,store,dezelfde categorie,categorical,far,low
ranja,apple juice,syrup waffle,spice nut,ice cream,chocolate,drop,bacon,dezelfde categorie,categorical,near,high
custard,yogurt,syrup waffle,spice nut,ice cream,chocolate,drop,bacon,dezelfde categorie,categorical,near,high
oak,birch,fly agaric,pixie bench,leaves,grass,autumn,forest,dezelfde categorie,categorical,,low
rose,tulip,fly agaric,pixie bench,leaves,grass,autumn,forest,dezelfde categorie,categorical,,low
rose,tulip,beech,oak,house,hand,girl,outside,dezelfde categorie,categorical,,low
fly agaric,pixie bench,beech,oak,house,hand,girl,outside,dezelfde categorie,categorical,,low
root,cauliflower,drop,bacon,broccoli,pizza,sugar,vegetable,dezelfde categorie,categorical,,high
cola,sinas,drop,bacon,broccoli,pizza,sugar,vegetable,dezelfde categorie,categorical,near,high
flat,house,boy,girl,tree,roof,mouse,bird,dezelfde categorie,categorical,,low
garlands,balloons,boy,girl,tree,roof,mouse,bird,dezelfde categorie,categorical,,low
leg,paw,mouth,beak,nose,man,animal,chin,dezelfde categorie,categorical,,high
arms,legs,mouth,beak,nose,man,animal,chin,dezelfde categorie,categorical,near,high
tablet,laptop,whistling kettle,kettle,mug,refrigerator,freezer,saucer,dezelfde categorie,categorical,,low
cup,glass,whistling kettle,kettle,mug,refrigerator,freezer,saucer,dezelfde categorie,categorical,near,low
bar,board,hammer,screwdriver,screw,nail,wood,construction market,dezelfde categorie,categorical,,high
shoulder bag,backpack,hammer,screwdriver,screw,nail,wood,construction market,dezelfde categorie,categorical,,high
garlands,balloons,clock,alarm clock,wall,table,plant,vase,dezelfde categorie,categorical,,low
pencil,pen,clock,alarm clock,wall,table,plant,vase,dezelfde categorie,categorical,,low
cup,glass,stallion,mare,stable,bit,riding school,saddle,dezelfde categorie,categorical,far,low
dog,cat,stallion,mare,stable,bit,riding school,saddle,dezelfde categorie,categorical,near,low
table,chair,chain,ring,dress,bedroom,beautiful,gold,dezelfde categorie,categorical,near,low
shoe,clog,chain,ring,dress,bedroom,beautiful,gold,dezelfde categorie,categorical,far,low
two,five,yellow,red,canary,egg,empty,squint,dezelfde categorie,categorical,far,low
a,three,yellow,red,canary,egg,empty,squint,dezelfde categorie,categorical,far,low
a,three,two,four,nine,seven,three,eleven,dezelfde categorie,categorical,near,high
twenty,fifty,two,four,nine,seven,three,eleven,dezelfde categorie,categorical,near,high
step,bike,gnome,witch,carpenter,Miss,German,Chinese,dezelfde categorie,categorical,far,low
cat,tiger,gnome,witch,carpenter,Miss,German,Chinese,dezelfde categorie,categorical,near,low
car,bike,baker,butcher,duration,pen,cabinet,salt,dezelfde categorie,categorical,,low
fireman,police officer,baker,butcher,duration,pen,cabinet,salt,dezelfde categorie,categorical,near,low
knife,fork,glue,adhesive tape,wall,scissors,paint,spoon,dezelfde categorie,categorical,,low
bar,board,glue,adhesive tape,wall,scissors,paint,spoon,dezelfde categorie,categorical,,low
cola,sinas,apple,banana,cauliflower,potato,water,pizza,dezelfde categorie,categorical,near,low
ranja,apple juice,apple,banana,cauliflower,potato,water,pizza,dezelfde categorie,categorical,near,low
comic book,reading book,clothesline,drying rack,peg,washcloth,washing machine,detergent,dezelfde categorie,categorical,far,low
step,bike,clothesline,drying rack,peg,washcloth,washing machine,detergent,dezelfde categorie,categorical,,low
dehydrated,moisture,only,company,party,duo,caterpillar,sad,gebrek aan,causal?,far,high
almost,time,only,company,party,duo,caterpillar,sad,gebrek aan,causal?,near,high
unemployed,work,only,company,party,duo,caterpillar,sad,gebrek aan,causal?,far,high
almost,time,orphan,parents,girl,boy,substantial,Annie,gebrek aan,causal?,,high
arm,money,orphan,parents,girl,boy,substantial,Annie,gebrek aan,causal?,far,high
drought,water,orphan,parents,girl,boy,substantial,Annie,gebrek aan,causal?,far,high
tired,sleep,hunger,food,arm,mouth,sick,rest,gebrek aan,causal?,near,low
blind,view,hunger,food,arm,mouth,sick,rest,gebrek aan,causal?,,low
hunger,food,thirsty,drink,sleep,banana,food,sore throat,gebrek aan,causal?,near,low
tired,sleep,thirsty,drink,sleep,banana,food,sore throat,gebrek aan,causal?,near,low
power outage,electricity,bored,nice things,happy,exciting,rain,fun,gebrek aan,causal?,,
aging,youth,bored,nice things,happy,exciting,rain,fun,gebrek aan,causal?,,
arm,money,desert,rain,oasis,sand,warm,Africa,gebrek aan,causal?,far,high
power outage,electricity,desert,rain,oasis,sand,warm,Africa,gebrek aan,causal?,,high
dark,light,stuffy,air,candy,doctor,lungs,trachea,gebrek aan,causal?,near,high
nude,clothes,stuffy,air,candy,doctor,lungs,trachea,gebrek aan,causal?,far,high
nude,clothes,bald,hair,brush,head,ears,man,gebrek aan,causal?,near,low
hunger,food,bald,hair,brush,head,ears,man,gebrek aan,causal?,,low
blind,view,deaf,hearing,wheelchair,sad,stick,dog,gebrek aan,causal?,near,high
hunger,food,deaf,hearing,wheelchair,sad,stick,dog,gebrek aan,causal?,,high
hairdresser,hairdresser,master,Miss,teacher,teacher,director,educator,grammatica,0,far,high
agent,agent,master,Miss,teacher,teacher,director,educator,grammatica,0,near,high
pepper,salt,coffee,cookie,chocolate,stir,break,cola,hoort bij elkaar,categorical?,near,high
fries,mayonnaise,coffee,cookie,chocolate,stir,break,cola,hoort bij elkaar,categorical?,near,high
arm,hand,leg,foot,cup,run,arm,plaster,hoort bij elkaar,categorical?,near,high
hand,finger,leg,foot,cup,run,arm,plaster,hoort bij elkaar,categorical?,near,high
dishwashing brush,detergent,shoe,laces,dirty,boot,slipper,outside,hoort bij elkaar,categorical?,far,low
pool,slide,shoe,laces,dirty,boot,slipper,outside,hoort bij elkaar,categorical?,far,low
foot,shoe,hand,glove,hat,pants,jacket,sweater,hoort bij elkaar,categorical?,near,low
head,hat,hand,glove,hat,pants,jacket,sweater,hoort bij elkaar,categorical?,near,low
hand,finger,foot,toe,bracelet,body,arm,leg,hoort bij elkaar,categorical?,near,high
arm,elbow,foot,toe,bracelet,body,arm,leg,hoort bij elkaar,categorical?,near,high
printer,ink,fountain pen,filling,plug,supermarket,letters,pen grip,item - eigenschap,compositional,far,high
washing machine,detergent,fountain pen,filling,plug,supermarket,letters,pen grip,item - eigenschap,compositional,,high
printer,paper,mailbox,post,lost,internet,alarm clock,alarm,item - eigenschap,compositional,,low
patch,wound,head,hat,buy,tea,summer,again,hoort bij elkaar,categorical?,far,low
foot,shoe,head,hat,buy,tea,summer,again,hoort bij elkaar,categorical?,near,low
fish,aquarium,earth,universe,water,star,dog,mirror,hoort bij elkaar,categorical?,far,low
astronaut,rocket,earth,universe,water,star,dog,mirror,hoort bij elkaar,categorical?,near,low
bull,cow,rooster,chicken,pig,house,school,rifle,hoort bij elkaar,categorical?,near,low
ram,ewe,rooster,chicken,pig,house,school,rifle,hoort bij elkaar,categorical?,far,low
astronaut,rocket,driver,race car,illustrations,magazine,store,emotions,hoort bij elkaar,categorical?,,low
driver,cab,driver,race car,illustrations,magazine,store,emotions,hoort bij elkaar,categorical?,,low
evening,dinner,afternoon,lunch,morning,soup,computer,calendar,hoort bij elkaar,categorical?,near,high
morning,breakfast,afternoon,lunch,morning,soup,computer,calendar,hoort bij elkaar,categorical?,near,high
weekend,free,morning,get up,afternoon,sun,time,hello,hoort bij elkaar,categorical?,far,high
customers,store,guests,hotel,hospital,police station,prison,soaps,hoort bij elkaar,categorical?,near,low
visitors,museum,guests,hotel,hospital,police station,prison,soaps,hoort bij elkaar,categorical?,,low
freeze,cold,sun,heat,planet,clouds,again,cold,hoort bij elkaar,categorical?,near,high
parasol,shadow,sun,heat,planet,clouds,again,cold,actie-resultaat,causal,,high
arm,elbow,leg,only,foot,shone,toes,hand,hoort bij elkaar,categorical?,,high
arm,wrist,leg,only,foot,shone,toes,hand,hoort bij elkaar,categorical?,,high
Bassie,Adriaan,Bert,Ernie,Elmo,Dora,Red Riding Hood,Pino,hoort bij elkaar,categorical?,near,low
Jip,Janneke,Bert,Ernie,Elmo,Dora,Red Riding Hood,Pino,hoort bij elkaar,categorical?,near,low
pool,slide,petting zoo,animals,swing,city,play,bamboo,hoort bij elkaar,categorical?,,high
garden,gardener,petting zoo,animals,swing,city,play,bamboo,hoort bij elkaar,categorical?,,high
pool,lifeguard,petting zoo,animals,swing,city,play,bamboo,hoort bij elkaar,categorical?,,high
hamster,cage,hose,terrarium,reptile,veterinarian,book,mouse,hoort bij elkaar,categorical?,near,high
bird,cage,hose,terrarium,reptile,veterinarian,book,mouse,hoort bij elkaar,categorical?,near,high
guitar,strings,pants,belt,bike,broom,vase,boy,hoort bij elkaar,categorical?,far,low
paint,brush,pants,belt,bike,broom,vase,boy,hoort bij elkaar,categorical?,near,low
hat,scarf,pants,belt,bike,broom,vase,boy,hoort bij elkaar,categorical?,near,low
snot,handkerchief,key,lock,forest path,open,close,latch,hoort bij elkaar,categorical?,far,low
safe,lock,phone,password,computer,key,castle,read,hoort bij elkaar,categorical?,,high
port,latch,phone,password,computer,key,castle,read,hoort bij elkaar,categorical?,far,high
button,buttonhole,garden,house,park,tuna,vegetable garden,rubble,hoort bij elkaar,categorical?,,high
ice,snow,garden,house,park,tuna,vegetable garden,rubble,hoort bij elkaar,categorical?,,high
moat,castle,garden,house,park,tuna,vegetable garden,rubble,hoort bij elkaar,categorical?,near,high
hammer,nail,screwdriver,screw,suitcase,carpenter,board,hammer,hoort bij elkaar,,,
wrench,bolt,screwdriver,screw,suitcase,carpenter,board,hammer,hoort bij elkaar,,,
dishes,dishwashing brush,teeth,toothbrush,toothpaste,candy,bracket,dentist,hoort bij elkaar,categorical?,near,high
length,meter,time,minute,long,night,weight,slow,hoort bij elkaar,categorical?,,high
fish,aquarium,time,minute,long,night,weight,slow,hoort bij elkaar,categorical?,far,high
content,liters,time,minute,long,night,weight,slow,hoort bij elkaar,categorical?,far,high
paint,brush,mother,baby,stroller,sling,crib,bottle,hoort bij elkaar,categorical?,,low
customer,store,mother,baby,stroller,sling,crib,bottle,hoort bij elkaar,categorical?,,low
cow,calf,mother,baby,stroller,sling,crib,bottle,hoort bij elkaar,categorical?,near,low
mother,daughter,father,son,grandpa,grandma,brother,sister,hoort bij elkaar,categorical?,near,high
uncle,aunt,father,son,grandpa,grandma,brother,sister,hoort bij elkaar,categorical?,near,high
Red Riding Hood,wolf,Snow White,stepmother,three piglets,Rapunzel,Gretel,giant,hoort bij elkaar,categorical?,near,high
bomb,explode,bicycle tire,hits,sanding,fly,brakes,car tire,item - eigenschap,compositional,near,high
stone,sink,bicycle tire,hits,sanding,fly,brakes,car tire,item - eigenschap,compositional,far,high
strawberry,red,knife,sharp,cut,sweet,light,spoon,item - eigenschap,compositional,,high
cactus,prickly,knife,sharp,cut,sweet,light,spoon,item - eigenschap,compositional,,high
banana,yellow,knife,sharp,cut,sweet,light,spoon,item - eigenschap,compositional,far,high
water,wet,red cabbage,red,fruit,forest,felling,sing,item - eigenschap,compositional,far,high
frog,green,red cabbage,red,fruit,forest,felling,sing,item - eigenschap,compositional,,high
tomato,red,water,liquid,ice,pool,waterfall,golf,item - eigenschap,compositional,,high
wifi,wireless,water,liquid,ice,pool,waterfall,golf,item - eigenschap,compositional,far,high
car,send,tent,sticks,France,vacation,highway,tollgate,item - eigenschap,compositional,near,low
house,roof,tent,sticks,France,vacation,highway,tollgate,item - eigenschap,compositional,,low
wifi,wireless,hatchet,sharp,sword,pocket,screwdriver,grinding,item - eigenschap,compositional,far,high
stone,hard,hatchet,sharp,sword,pocket,screwdriver,grinding,item - eigenschap,compositional,near,high
crane,water,car,wheels,moped,cars,garage,convertible,item - eigenschap,compositional,,high
house,doors,car,wheels,moped,cars,garage,convertible,item - eigenschap,compositional,,high
chicken,seeds,rabbit,roots,cookies,wings,rooster,ears,item - eigenschap,compositional,near,high
cat,chunks,rabbit,roots,cookies,wings,rooster,ears,item - eigenschap,compositional,,high
candy,unhealthy,sports,healthy,stadium,running shoes,sweating,run,item - eigenschap,compositional,,high
pea,around,sports,healthy,stadium,running shoes,sweating,run,item - eigenschap,compositional,far,high
sugar,sweet,sports,healthy,stadium,running shoes,sweating,run,item - eigenschap,compositional,,high
ball,around,die,square,ball,around,win,game,item - eigenschap,compositional,,high
spring,light,die,square,ball,around,win,game,item - eigenschap,compositional,,high
at,honey,cow,milk,wool,cotton,coffee,bull,item - eigenschap,compositional,far,high
ice rink,smooth,cow,milk,wool,cotton,coffee,bull,item - eigenschap,compositional,far,high
chicken,egg,cow,milk,wool,cotton,coffee,bull,item - eigenschap,compositional,near,high
pea,around,milk,white,glass,grass,breakfast,buy,item - eigenschap,compositional,far,high
strawberry,red,milk,white,glass,grass,breakfast,buy,item - eigenschap,compositional,near,high
pen,ink,book,pages,illustrator,comic,magazine,thrift store,item - eigenschap,compositional,far,high
comic book,pictures,book,pages,illustrator,comic,magazine,thrift store,item - eigenschap,compositional,,high
lead,heavy,spring,light,goose,pen,springs,fly,item - eigenschap,compositional,,high
rock,hard,spring,light,goose,pen,springs,fly,item - eigenschap,compositional,far,high
road bike,light,coasters,creative,paint,mustache,French,painting,item - eigenschap,compositional,far,low
athletes,fast,coasters,creative,paint,mustache,French,painting,item - eigenschap,compositional,far,low
spring,light,lead,heavy,iron,great,bread,aluminum,item - eigenschap,compositional,,high
skyscraper,high,lead,heavy,iron,great,bread,aluminum,item - eigenschap,compositional,far,high
lamp,light,fire,heat,campfire,matches,marshmallows,oil,item - eigenschap,compositional,near,high
crane,water,fire,heat,campfire,matches,marshmallows,oil,item - eigenschap,compositional,near,high
stone,hard,bear,strong,berin,salmon,Canada,Winnie,item - eigenschap,compositional,,high
water,wet,bear,strong,berin,salmon,Canada,Winnie,item - eigenschap,compositional,,high
cushion,soft,bear,strong,berin,salmon,Canada,Winnie,item - eigenschap,compositional,far,high
whisper,soft,shout,hard,hoarse,sore throat,concert,daredevil,item - eigenschap,compositional,near,low
lead,heavy,shout,hard,hoarse,sore throat,concert,daredevil,item - eigenschap,compositional,,low
skyscraper,high,musicians,musical,nuts,orchestra,genius,violin,item - eigenschap,compositional,far,low
sculptors,creative,musicians,musical,nuts,orchestra,genius,violin,item - eigenschap,compositional,near,low
ice rink,smooth,mountain,high,small,landscape,vacation,hiking,item - eigenschap,compositional,far,high
tomato,red,mountain,high,small,landscape,vacation,hiking,item - eigenschap,compositional,far,high
ravine,deep,mountain,high,small,landscape,vacation,hiking,item - eigenschap,compositional,near,high
stone,sink,ice,float,white,sweet,water,turn,item - eigenschap,compositional,near,high
butter,melt,ice,float,white,sweet,water,turn,item - eigenschap,compositional,near,high
paper,fold,ice,melt,warm,free,cold,winter,item - eigenschap,compositional,near,low
candle,melt,ice,melt,warm,free,cold,winter,item - eigenschap,compositional,near,low
frog,green,gnome,small,broom,forest,giant,biology,item - eigenschap,compositional,,high
ball,around,gnome,small,broom,forest,giant,biology,item - eigenschap,compositional,far,high
wound,bleeding,sticker,paste,book,collection,exchange,supermarket,item - eigenschap,compositional,,low
scissors,cut,sticker,paste,book,collection,exchange,supermarket,item - eigenschap,compositional,near,low
villa,duration,thrift store,used,bike,open,LPs,checkout,item - eigenschap,compositional,far,low
people,lungs,fish,gills,fins,swimming,tail,eyes,item - eigenschap,compositional,,high
lizards,lungs,fish,gills,fins,swimming,tail,eyes,item - eigenschap,compositional,near,high
cactus,spines,elephant,trunk,blue,run,canary,savannah,item - eigenschap,compositional,,low
whale,blowhole,elephant,trunk,blue,run,canary,savannah,item - eigenschap,compositional,near,low
pepper,spicy,sugar,sweet,diver,milk,treat,acid,item - eigenschap,compositional,near,high
pickle,acid,sugar,sweet,diver,milk,treat,acid,item - eigenschap,compositional,near,high
sometimes,often,someone,many,friends,never,nobody,some,mate/sterkte,0,near,high
new,brand new,someone,many,friends,never,nobody,some,mate/sterkte,0,,high
sometimes,often,someone,everyone,nobody,never,friends,often,mate/sterkte,0,near,low
funny,hilarious,someone,everyone,nobody,never,friends,often,mate/sterkte,0,near,low
funny,hilarious,good,perfect,bad,moderate,laugh,past,mate/sterkte,0,near,high
tired,exhausted,good,perfect,bad,moderate,laugh,past,mate/sterkte,0,near,high
neat,chic,good,perfect,bad,moderate,laugh,past,mate/sterkte,0,near,high
good,outstanding,moderate,bad,reasonable,neat,quite,warm,mate/sterkte,0,near,low
nice,great,moderate,bad,reasonable,neat,quite,warm,mate/sterkte,0,near,low
nice,great,lust,love,ice,charges,tasty,foul,mate/sterkte,0,,
great,huge,lust,love,ice,charges,tasty,foul,mate/sterkte,0,,
wind,storm,wet,soaked,lemonade,outside,clouds,dry,mate/sterkte,0,,high
sharp,razor sharp,wet,soaked,lemonade,outside,clouds,dry,mate/sterkte,0,near,high
quarrel,war,old,prehistoric,grandma,rickety,broken,young,mate/sterkte,0,far,high
smart,gifted,old,prehistoric,grandma,rickety,broken,young,mate/sterkte,0,far,high
warm,hot,damp,wet,dry,jungle,dishcloth,apple,mate/sterkte,0,near,high
flat,skyscraper,damp,wet,dry,jungle,dishcloth,apple,mate/sterkte,0,far,high
white,muscle white,damp,wet,dry,jungle,dishcloth,apple,mate/sterkte,0,,high
storm,hurricane,quarrel,fight,angry,debt,sweet,talk,mate/sterkte,0,,high
sob,cry,quarrel,fight,angry,debt,sweet,talk,mate/sterkte,0,,high
angry,furious,rain,downpour,drizzle,wind,umbrella,autumn,mate/sterkte,0,,high
wind,storm,rain,downpour,drizzle,wind,umbrella,autumn,mate/sterkte,0,near,high
whisper,talk,tease,bullying,hair pulling,funny,angry,run away,mate/sterkte,0,near,
hard,deafening,soft,silent,cushion,sound,whisper,angry,mate/sterkte,0,near,high
visually impaired,blind,soft,silent,cushion,sound,whisper,angry,mate/sterkte,0,far,high
nice,Dearest,soft,silent,cushion,sound,whisper,angry,mate/sterkte,0,,high
increase,fever,sore throat,laryngitis,earache,thermometer,candy,sleep,mate/sterkte,0,near,high
warm,hot,sore throat,laryngitis,earache,thermometer,candy,sleep,mate/sterkte,0,far,high
please,preferably,neat,chic,makeup,clothing,friendly,listen,mate/sterkte,0,,high
good,outstanding,neat,chic,makeup,clothing,friendly,listen,mate/sterkte,0,,high
happy,delighted,city,metropolis,village,church,castle,hamlet,mate/sterkte,0,,low
great,gigantic,city,metropolis,village,church,castle,hamlet,mate/sterkte,0,,low
house,villa,city,metropolis,village,church,castle,hamlet,mate/sterkte,0,,low
flat,skyscraper,tablet,laptop,cord,building,electronics,refrigerator,mate/sterkte,0,far,low
storm,hurricane,tablet,laptop,cord,building,electronics,refrigerator,mate/sterkte,0,,low
new,brand new,break,shatter,fall,adhesives,arm,cry,mate/sterkte,0,far,low
jumping,bounce,break,shatter,fall,adhesives,arm,cry,mate/sterkte,0,near,low
tired,exhausted,injured,seriously injured,ambulance,siren,hospital,traffic,mate/sterkte,0,near,low
talk,shout,injured,seriously injured,ambulance,siren,hospital,traffic,mate/sterkte,0,,low
proud,Proudly,injured,seriously injured,ambulance,siren,hospital,traffic,mate/sterkte,0,,low
great,huge,cold,icy,warm,hot,small,new,mate/sterkte,0,,high
blonde,high blonde,cold,icy,warm,hot,small,new,mate/sterkte,0,near,high
great,gigantic,small,tiny,dwarf,good,perfect,microscope,mate/sterkte,0,near,low
slim,lean,small,tiny,dwarf,good,perfect,microscope,mate/sterkte,0,near,low
jumping,bounce,few,least,several,some,everywhere,nothing,mate/sterkte,0,,high
sometimes,often,few,least,several,some,everywhere,nothing,mate/sterkte,0,near,high
sob,cry,laugh,hoot,cry,joy,comfort,merry,mate/sterkte,0,near,high
angry,furious,laugh,hoot,cry,joy,comfort,merry,mate/sterkte,0,near,high
scared,panic,laugh,hoot,cry,joy,comfort,merry,mate/sterkte,0,near,high
visually impaired,blind,hard of hearing,deaf,angry,noise,glasses,hearing aid,mate/sterkte,0,near,low
blonde,high blonde,enthusiastic,ecstatic,happy,angry,sad,serious,mate/sterkte,0,,high
sometimes,often,enthusiastic,ecstatic,happy,angry,sad,serious,mate/sterkte,0,,high
passive,apathetic,enthusiastic,ecstatic,happy,angry,sad,serious,mate/sterkte,0,,high
whisper,talk,sneak,run,dwell,bend,hide,bikes,mate/sterkte,0,near,high
food,eat,sneak,run,dwell,bend,hide,bikes,mate/sterkte,0,near,high
talk,shout,run,run,crawl,hopscotch,jumping,fall,mate/sterkte,0,near,low
happy,delighted,run,run,crawl,hopscotch,jumping,fall,mate/sterkte,0,,low
slim,lean,solid,thick,thin,light,fragile,loose,mate/sterkte,0,near,low
please,preferably,solid,thick,thin,light,fragile,loose,mate/sterkte,0,,low
smart,gifted,musical,virtuoso,violin,sing,handsome,nuts,mate/sterkte,0,near,low
hard,deafening,musical,virtuoso,violin,sing,handsome,nuts,mate/sterkte,0,far,low
shoes,run,calculator,calculate,wear,cup,book,add,object - functie,compositional?,far,low
dryer,dry,calculator,calculate,wear,cup,book,add,object - functie,compositional?,far,low
phone,call,pan,cooking,fire,stove,frying pan,washing up,object - functie,compositional?,,high
pan,cooking,car,drive,print,warm up,car door,file,object - functie,compositional?,,low
knife,cut,car,drive,print,warm up,car door,file,object - functie,compositional?,,low
key,open,boat,sailing,read,drink,swimming,hazard,object - functie,compositional?,far,low
microphone,sing,boat,sailing,read,drink,swimming,hazard,object - functie,compositional?,far,low
spoon,stir,pen,write,pencil,marker,cap,forgotten,object - functie,compositional?,far,high
pan,cooking,pen,write,pencil,marker,cap,forgotten,object - functie,compositional?,far,high
bread,food,water,drink,cold,apple juice,waterfall,vaporize,object - functie,compositional?,near,high
soap,wash,spoon,food,computer,lemonade,hammer,chewing,object - functie,compositional?,near,high
paper,write,chair,sit,table,pen,school,calculate,object - functie,compositional?,,high
scissors,cut,chair,sit,table,pen,school,calculate,object - functie,compositional?,,high
saw,saw,iron,ironing,iron,board,violin,wash,object - functie,compositional?,far,low
phone,call,iron,ironing,iron,board,violin,wash,object - functie,compositional?,,low
bread,food,saw,saw,board,adhesives,barn,wood,object - functie,compositional?,far,high
pen,write,saw,saw,board,adhesives,barn,wood,object - functie,compositional?,far,high
pen,write,cup,drink,cups,water,washing up,stove,object - functie,compositional?,far,high
spoon,stir,cup,drink,cups,water,washing up,stove,object - functie,compositional?,,high
knife,cut,refrigerator,cooling,heating,street,icy,room,object - functie,compositional?,near,high
oven,bins,refrigerator,cooling,heating,street,icy,room,object - functie,compositional?,near,high
lock,close,stove,give heat,house,wood,logging,work,object - functie,compositional?,,
lock,close,laces,attach,sandals,shoemaker,bow diploma,aglet,object - functie,compositional?,far,high
scissors,cut,laces,attach,sandals,shoemaker,bow diploma,aglet,object - functie,compositional?,near,high
mouse,click,keyboard,types,letters,computer,screen,game,object - functie,compositional?,,high
camera,photography,keyboard,types,letters,computer,screen,game,object - functie,compositional?,far,high
slingshot,shooting,sewing machine,sewing,knitting,embroider,cut,clothes,object - functie,compositional?,far,low
saw,saw,sewing machine,sewing,knitting,embroider,cut,clothes,object - functie,compositional?,far,low
scissors,cut,jacket,keep warm,pencil case,discard,jacket pocket,hanging,object - functie,compositional?,,
pen,write,jacket,keep warm,pencil case,discard,jacket pocket,hanging,object - functie,compositional?,,
scissors,cut,pencil,draw,dye,wood,gray,grinding,object - functie,compositional?,,low
paper,write,pencil,draw,dye,wood,gray,grinding,object - functie,compositional?,near,low
oven,bins,scissors,cut,paper,knife,crafting,hinge,object - functie,compositional?,near,high
slingshot,shooting,scissors,cut,paper,knife,crafting,hinge,object - functie,compositional?,,high
camera,photography,printer,print,computer,paper,settings,plug,object - functie,compositional?,,high
radio,listen,printer,print,computer,paper,settings,plug,object - functie,compositional?,far,high
microwave,warm up,printer,print,computer,paper,settings,plug,object - functie,compositional?,,high
eyes,watch,nose,smell,snot,hide,indicate,stink,object - functie,compositional?,near,high
tongue,trials,nose,smell,snot,hide,indicate,stink,object - functie,compositional?,near,high
radio,listen,television,watch,talk,run,feel,trials,object - functie,compositional?,near,low
radio,listen,book,read,write,story,paper,ink,object - functie,compositional?,,high
music,listen,book,read,write,story,paper,ink,object - functie,compositional?,near,high
field,grain,cow,milk,make honey,grass eating,ruminate,moo,object - functie,compositional?,,
scoop,dig,cart,transport,wheels,hitch,car,license plate,object - functie,compositional?,far,high
key,open,cart,transport,wheels,hitch,car,license plate,object - functie,compositional?,far,high
eyes,watch,rod,fish,chair,river,sea,fins,object - functie,compositional?,far,high
boat,sailing,rod,fish,chair,river,sea,fins,object - functie,compositional?,near,high
microphone,sing,stage,performance,write,attention,beautiful,honor,object - functie,compositional?,near,low
radio,listen,stage,performance,write,attention,beautiful,honor,object - functie,compositional?,,low
soap,wash,ball,throw,goal,goal,tennis racket,jumping,object - functie,compositional?,,high
shoes,run,ball,throw,goal,goal,tennis racket,jumping,object - functie,compositional?,,high
dryer,dry,washing machine,wash,detergent,hanging,rotate,wet,object - functie,compositional?,near,high
stove,cooking,washing machine,wash,detergent,hanging,rotate,wet,object - functie,compositional?,near,high
tongue,trials,ears,hear,earplugs,eyes,earwax,earrings,object - functie,compositional?,,high
eyes,watch,ears,hear,earplugs,eyes,earwax,earrings,object - functie,compositional?,near,high
notebook,school,sweater,cabinet,pants,belt,sleeves,pant leg,object - locatie,0,far,high
pen,pencil case,sweater,cabinet,pants,belt,sleeves,pant leg,object - locatie,0,,high
calculate,school,soccer,grass,footballs,shoes,trainer,competition,object - locatie,0,far,high
camel,desert,soccer,grass,footballs,shoes,trainer,competition,object - locatie,0,far,high
cookies,drum,money,checkout,rich,kitchen,table,candy,object - locatie,0,far,high
plant,pot,money,checkout,rich,kitchen,table,candy,object - locatie,0,far,high
pan,kitchen,car,garage,drive,send,brake,gasoline,object - locatie,0,,high
plane,airport,car,garage,drive,send,brake,gasoline,object - locatie,0,,high
train,station,car,garage,drive,send,brake,gasoline,object - locatie,0,,high
crosswalk,street,cloud,air,rain,snow,white,dark,object - locatie,0,,low
water,sea,cloud,air,rain,snow,white,dark,object - locatie,0,near,low
cup,dish,pan,stove,cooking,cabinet,washing up,frying pan,object - locatie,0,far,high
crosswalk,street,pan,stove,cooking,cabinet,washing up,frying pan,object - locatie,0,,high
camel,desert,fish,sea,rod,fins,gills,bumps,object - locatie,0,near,high
monkey,jungle,fish,sea,rod,fins,gills,bumps,object - locatie,0,,high
monkey,jungle,shark,sea,teeth,dangerous,swimming,waves,object - locatie,0,,high
cow,whey,shark,sea,teeth,dangerous,swimming,waves,object - locatie,0,,high
book,library,water,glass,drink,wet,ice,blue,object - locatie,0,far,high
cookies,drum,water,glass,drink,wet,ice,blue,object - locatie,0,near,high
swing,playground,bike,street,call,station,send,brake,object - locatie,0,near,high
skates,ice rink,bike,street,call,station,send,brake,object - locatie,0,,high
slide,playground,checkout,store,attic,church,tennis court,kitchen,object - locatie,0,far,low
carousel,playground,checkout,store,attic,church,tennis court,kitchen,object - locatie,0,,low
pen,pencil case,book,cabinet,notebook,paper,read,buy,object - locatie,0,near,high
table,house,book,cabinet,notebook,paper,read,buy,object - locatie,0,near,high
pan,kitchen,toothbrush,bathroom,polishing,toothpaste,dentist,electric,object - locatie,0,near,high
bank,living room,toothbrush,bathroom,polishing,toothpaste,dentist,electric,object - locatie,0,,high
powdered sugar,pancake,toothpaste,toothbrush,rinse,electric,little holes,food,object - locatie,0,,low
cup,dish,toothpaste,toothbrush,rinse,electric,little holes,food,object - locatie,0,far,low
ink,pen,soup,pan,cooking,stove,kitchen,bins,object - locatie,0,,high
fish,aquarium,soup,pan,cooking,stove,kitchen,bins,object - locatie,0,,high
cake,baking tin,soup,pan,cooking,stove,kitchen,bins,object - locatie,0,near,high
carousel,playground,fish,sea,fins,play,gills,rain,object - locatie,0,,high
agent,police station,fish,sea,fins,play,gills,rain,object - locatie,0,far,high
wiper,car,pop,toy store,car,play,clothes,mom and dad,object - locatie,0,far,high
slide,playground,pop,toy store,car,play,clothes,mom and dad,object - locatie,0,,high
table,house,hunter,forest,rifle,shooting,dog,green,object - locatie,0,far,high
doctor,hospital,hunter,forest,rifle,shooting,dog,green,object - locatie,0,far,high
alarm clock,bedroom,flowers,vase,water,bloom,plants,oil,object - locatie,0,,high
lock,door,flowers,vase,water,bloom,plants,oil,object - locatie,0,,high
doctor,hospital,businesswoman,office,port,letters,cover,circus,object - locatie,0,,low
miller,mill,businesswoman,office,port,letters,cover,circus,object - locatie,0,far,low
lock,door,clown,circus,horses,play,run,fall,object - locatie,0,far,low
master,school,clown,circus,horses,play,run,fall,object - locatie,0,far,low
miller,mill,farmer,farm,cow,city,potatoes,grain,object - locatie,0,near,low
clown,circus,farmer,farm,cow,city,potatoes,grain,object - locatie,0,,low
plane,airport,chicken,farm,egg,rooster,farmer's wife,city,object - locatie,0,far,high
hamster,pet store,chicken,farm,egg,rooster,farmer's wife,city,object - locatie,0,,high
elephant,zoo,grass,garden,roof,cow,green,school,object - locatie,0,,high
pan,kitchen,grass,garden,roof,cow,green,school,object - locatie,0,near,high
bank,living room,Amsterdam,Netherlands,capital,canals,clogs,tulips,object - locatie,0,far,low
pan,kitchen,Amsterdam,Netherlands,capital,canals,clogs,tulips,object - locatie,0,far,low
agent,police station,mayor,city hall,boss,director,police,chain,object - locatie,0,,low
nurse,hospital,mayor,city hall,boss,director,police,chain,object - locatie,0,,low
plant,flowerpot,lemonade,glass,straw,drink,summer,warm,object - locatie,0,,high
ink,pen,lemonade,glass,straw,drink,summer,warm,object - locatie,0,,high
fish,fishbowl,cola,glass,nice,drink,straw,prick,object - locatie,0,far,high
egg,pan,cola,glass,nice,drink,straw,prick,object - locatie,0,far,high
skates,ice rink,tennis,tennis court,ball,save,sports,serve,object - locatie,0,near,low
book,library,tennis,tennis court,ball,save,sports,serve,object - locatie,0,far,low
boxer,boxing ring,tennis,tennis court,ball,save,sports,serve,object - locatie,0,far,low
ring,finger,chain,neck,bracelet,beautiful,gold,dog,object - locatie,0,near,high
bracelet,arm,chain,neck,bracelet,beautiful,gold,dog,object - locatie,0,near,high
heat,sweating,clouds,rain,air,sun,high,fly,oorzaak-gevolg,causal,near,high
explain,understand,pay attention,leather,school,explain,Miss,lessons,oorzaak-gevolg,causal,near,high
resign,unemployed,explain,understand,difficult,lessons,school,Miss,oorzaak-gevolg,causal,far,low
pay attention,leather,explain,understand,difficult,lessons,school,Miss,oorzaak-gevolg,causal,near,low
sick,vomit,wound,bleeding,patch,red,cleaning,fall,oorzaak-gevolg,causal,near,low
fall,pain,wound,bleeding,patch,red,cleaning,fall,oorzaak-gevolg,causal,near,low
awaken,awake,lock up,captured,prison,release,key,bars,oorzaak-gevolg,causal,far,high
resign,unemployed,lock up,captured,prison,release,key,bars,oorzaak-gevolg,causal,far,high
clean up,neat,purge,clean,dirty,water,room,disinfect,oorzaak-gevolg,causal,near,high
mess,dirty,purge,clean,dirty,water,room,disinfect,oorzaak-gevolg,causal,near,high
sick,vomit,hearing aid,hear better,deaf,blind,lenses,old,oorzaak-gevolg,causal,,
smooth,slip,hearing aid,hear better,deaf,blind,lenses,old,oorzaak-gevolg,causal,,
awaken,awake,throw,scoring,pinch,basketball player,sunshine,hit,oorzaak-gevolg,causal,,high
freeze,ice,throw,scoring,pinch,basketball player,sunshine,hit,oorzaak-gevolg,causal,,high
fall,broken,warm up,hot,oven,microwave,cold,oven gloves,oorzaak-gevolg,causal,,high
rain,wet,warm up,hot,oven,microwave,cold,oven gloves,oorzaak-gevolg,causal,near,high
heat,sweating,cold,shiver,eskimo,thirsty,bikes,winter,oorzaak-gevolg,causal,near,high
sun,burn,cold,shiver,eskimo,thirsty,bikes,winter,oorzaak-gevolg,causal,near,high
noise,earplugs,wet,dry,wash,pinch,bikes,chatting,probleem - oplossing,causal,far,low
thirsty,drink,bleeding,patch,wound,cut,water,feed,probleem - oplossing,causal,far,high
headache,painkiller,bleeding,patch,wound,cut,water,feed,probleem - oplossing,causal,near,high
tired,sleep,dirty,wash,shoes,pay,drink,clean,probleem - oplossing,causal,near,high
headache,painkiller,fracture,plaster,fire,calculate,separation,fall,probleem - oplossing,causal,far,high
hunger,food,fracture,plaster,fire,calculate,separation,fall,probleem - oplossing,causal,far,high
dark,lighting,almost,hurry up,angry,no time,tricky,mother,probleem - oplossing,causal,far,high
hunger,food,disease,drugs,better,fever,hug,earache,probleem - oplossing,causal,near,high
noise,earplugs,disease,drugs,better,fever,hug,earache,probleem - oplossing,causal,far,high
junk,clean up,overweight,lose weight,kilo,scale,doctor,thick,probleem - oplossing,causal,far,low
quarrel,talk it out,overweight,lose weight,kilo,scale,doctor,thick,probleem - oplossing,causal,far,low
nice,great,weird,crazy,normal,completed,other,thanks,mate/sterkte,0,near,low
warm,hot,weird,crazy,normal,completed,other,thanks,mate/sterkte,0,near,low
exercise,statement,moment,moment,patience,rest,past,way,synoniem,0,,low
morning,tomorrow,moment,moment,patience,rest,past,way,synoniem,0,,low
mother,mom,speak,talk,silence,silver,avoid,doubt,synoniem,0,,low
cry,whine,speak,talk,silence,silver,avoid,doubt,synoniem,0,near,low
rare,scarce,correct,good,error,ring,pen,false,synoniem,0,near,low
wrong,error,correct,good,error,ring,pen,false,synoniem,0,near,low
phone,call,death,die,awake,email,quiet,buried,synoniem,0,,low
cry,whine,send,send,remove,forgotten,call,yawn,synoniem,0,,low
deliver,bring,send,send,remove,forgotten,call,yawn,synoniem,0,near,low
rare,scarce,clearance,sale,quarrel,hospital,party,clarinet,synoniem,0,far,low
smart,intelligent,funny,witty,sad,clown,laugh,giant,synoniem,0,near,low
scared,anxious,funny,witty,sad,clown,laugh,giant,synoniem,0,near,low
broken,piece,about,past,too bad,under,oven,forgotten,synoniem,0,near,high
grandmother,grandma,about,past,too bad,under,oven,forgotten,synoniem,0,far,high
run,run,about,past,too bad,under,oven,forgotten,synoniem,0,,high
run,run,fall,stumble,continue,jumping,fly,diving,synoniem,0,near,high
stuttering,hack,fall,stumble,continue,jumping,fly,diving,synoniem,0,,high
scared,anxious,famous,well-known,brave,movie star,traffic circle,runner,synoniem,0,,low
perpetrator,guilty,famous,well-known,brave,movie star,traffic circle,runner,synoniem,0,,low
waiter,waiter,Miss,teacher,sister,director,letter carrier,shoplifter,synoniem,0,near,high
master,teacher,Miss,teacher,sister,director,letter carrier,shoplifter,synoniem,0,near,high
cat,cat,round,circle,witch,clock,water,film,synoniem,0,,low
perfect,ideal,round,circle,witch,clock,water,film,synoniem,0,far,low
reliable,honest,round,circle,witch,clock,water,film,synoniem,0,far,low
cat,cat,cell phone,phone,internet,text message,email,call,synoniem,0,,low
phone,call,cell phone,phone,internet,text message,email,call,synoniem,0,near,low
mother,mom,father,dad,grandpa,grandma,daughter,son,synoniem,0,near,high
grandpa,grandfather,father,dad,grandpa,grandma,daughter,son,synoniem,0,near,high
great,long,slim,thin,small,fat,beverage,short,synoniem,0,near,low
broken,piece,slim,thin,small,fat,beverage,short,synoniem,0,,low
deliver,bring,stroke,caress,brushing,pet,dog,hit,synoniem,0,,low
run,run,stroke,caress,brushing,pet,dog,hit,synoniem,0,near,low
perfect,ideal,older,elderly,wise,lack,sick,broken,synoniem,0,far,low
mother,mom,older,elderly,wise,lack,sick,broken,synoniem,0,,low
yawn,yawn,lose weight,diets,thin,clutter,sleepy,below,synoniem,0,,low
hairless,bald,lose weight,diets,thin,clutter,sleepy,below,synoniem,0,,low
morning,tomorrow,risk,hazard,percent,doubt,train,crossings,synoniem,0,far,low
noise,noise,risk,hazard,percent,doubt,train,crossings,synoniem,0,near,low
error,wrong,powerful,strong,blackbird,power,satisfied,often,synoniem,0,near,low
mother,mom,powerful,strong,blackbird,power,satisfied,often,synoniem,0,far,low
fine,good,powerful,strong,blackbird,power,satisfied,often,synoniem,0,near,low
idea,plan,package,pack,deliver,perform,letter carrier,bike,synoniem,0,,low
ship,boat,package,pack,deliver,perform,letter carrier,bike,synoniem,0,,low
poem,verse,job,karwei,book,handy,hammer,bread,synoniem,0,far,low
idea,plan,job,karwei,book,handy,hammer,bread,synoniem,0,near,low
stuttering,hack,bins,roast,miss,stitches,places,discard,synoniem,0,far,low
yawn,yawn,bins,roast,miss,stitches,places,discard,synoniem,0,near,low
hairless,bald,youthful,young,old,elderly,playful,cake,synoniem,0,near,low
modern,newfangled,youthful,young,old,elderly,playful,cake,synoniem,0,,low
grandmother,grandma,grandfather,grandpa,grandma,aunt,cousin,brother,synoniem,0,near,high
father,dad,grandfather,grandpa,grandma,aunt,cousin,brother,synoniem,0,near,high
ship,boat,beast,animal,swimming,party,chicken,plant,synoniem,0,far,low
cat,cat,beast,animal,swimming,party,chicken,plant,synoniem,0,near,low
noise,noise,easy,easy,complicated,school,smart,stupid,synoniem,0,,low
exercise,statement,easy,easy,complicated,school,smart,stupid,synoniem,0,far,low
modern,newfangled,old-fashioned,old,young,tired,vague,stripe,synoniem,0,,high
great,long,old-fashioned,old,young,tired,vague,stripe,synoniem,0,near,high
perpetrator,guilty,teacher,master,les,school,explain,director,synoniem,0,,high
waiter,waiter,teacher,master,les,school,explain,director,synoniem,0,,high
jumping,bend,buy,sell,want,suits,funds,pay,tegengestelden,0,,low
give,get,buy,sell,want,suits,funds,pay,tegengestelden,0,near,low
left,right,above,under,attic,at,behind,next to,tegengestelden,0,,high
high,low,above,under,attic,at,behind,next to,tegengestelden,0,,high
hammer,pliers,write,erasers,pen,ruler,paper,felt-tip pen,tegengestelden,0,far,high
save,lose,write,erasers,pen,ruler,paper,felt-tip pen,tegengestelden,0,,high
save,lose,get up,fall,awake,run,stairs,wallet,tegengestelden,0,,high
accelerate,slow down,get up,fall,awake,run,stairs,wallet,tegengestelden,0,near,high
clean,dirty,fake,truly,counterfeit,broken,banned,as if,tegengestelden,0,near,high
full,empty,fake,truly,counterfeit,broken,banned,as if,tegengestelden,0,near,high
raw,done,nice,dirty,pizza,ice cream,sprouts,warm,tegengestelden,0,near,low
duration,cheap,nice,dirty,pizza,ice cream,sprouts,warm,tegengestelden,0,near,low
clumsy,elegant,easy,difficult,simple,school,smart,easy,tegengestelden,0,near,high
slow,fast,easy,difficult,simple,school,smart,easy,tegengestelden,0,near,high
give,get,rise,fall,plane,warm,air,panting,tegengestelden,0,near,low
awake,sleep,rise,fall,plane,warm,air,panting,tegengestelden,0,,low
pinch,stroke,rise,fall,plane,warm,air,panting,tegengestelden,0,,low
following,previous,noise,silence,noise,scream,play,jobs,tegengestelden,0,far,high
wet,dry,noise,silence,noise,scream,play,jobs,tegengestelden,0,,high
everywhere,nowhere,always,never,now,soon,everyone,somewhere,tegengestelden,0,near,low
raw,done,always,never,now,soon,everyone,somewhere,tegengestelden,0,far,low
dirty,clean,always,never,now,soon,everyone,somewhere,tegengestelden,0,near,low
awake,sleep,smooth,stiff,leather,nimble,soft,clay,tegengestelden,0,,high
light,heavy,smooth,stiff,leather,nimble,soft,clay,tegengestelden,0,near,high
millionaire,beggar,arriving,lose weight,thicker,thin,scale,candy,tegengestelden,0,far,low
bring,fetch,arriving,lose weight,thicker,thin,scale,candy,tegengestelden,0,,low
summer,winter,laugh,cry,merry,in love,comfort,hoot,tegengestelden,0,,low
merry,angry,laugh,cry,merry,in love,comfort,hoot,tegengestelden,0,near,low
gnome,giant,white,black,pale,blank,red,dwarf,tegengestelden,0,far,low
future,past,white,black,pale,blank,red,dwarf,tegengestelden,0,,low
happy,sad,white,black,pale,blank,red,dwarf,tegengestelden,0,,low
accelerate,slow down,warm up,cool,microwave,summer,cold,greenhouse,tegengestelden,0,near,low
remember,forgotten,warm up,cool,microwave,summer,cold,greenhouse,tegengestelden,0,near,low
enlarge,reduce,warm up,cool,microwave,summer,cold,greenhouse,tegengestelden,0,near,low
future,past,bald,hairy,head,beard,old,man,tegengestelden,0,,low
clean,dirty,bald,hairy,head,beard,old,man,tegengestelden,0,near,low
duration,cheap,wild,tam,jungle,monkey,price,deer,tegengestelden,0,far,high
summer,winter,wild,tam,jungle,monkey,price,deer,tegengestelden,0,far,high
bring,fetch,slow,fast,return,package,slow,snail,tegengestelden,0,near,low
up,down,slow,fast,return,package,slow,snail,tegengestelden,0,near,low
slow,fast,cold,heat,snowman,winter,ice,scarf,tegengestelden,0,near,high
early,late,cold,heat,snowman,winter,ice,scarf,tegengestelden,0,,high
full,empty,banned,allowed,sign,red,Miss,may not,tegengestelden,0,near,
agreement,difference,banned,allowed,sign,red,Miss,may not,tegengestelden,0,near,
up,down,forward,backwards,run,to the left,bend,car,tegengestelden,0,near,
following,previous,forward,backwards,run,to the left,bend,car,tegengestelden,0,far,
great,small,thick,thin,fat,much,lick,bin,tegengestelden,0,near,low
left,right,thick,thin,fat,much,lick,bin,tegengestelden,0,far,low
wet,dry,warm,cold,tropics,summer,swimming,heating,tegengestelden,0,near,low
everywhere,nowhere,warm,cold,tropics,summer,swimming,heating,tegengestelden,0,near,low
early,late,dark,light,black,her,evening,yellow,tegengestelden,0,near,low
clumsy,elegant,dark,light,black,her,evening,yellow,tegengestelden,0,,low
light,heavy,open,close,full,key,button,door,tegengestelden,0,,high
draw,erasers,open,close,full,key,button,door,tegengestelden,0,far,high
merry,angry,arm,rich,ticket,sense,hand,beggar,tegengestelden,0,far,high
long,small,arm,rich,ticket,sense,hand,beggar,tegengestelden,0,far,high
agreement,difference,wide,narrow,short,elephant,table,same,tegengestelden,0,far,low
giant,gnome,wide,narrow,short,elephant,table,same,tegengestelden,0,far,low
high,low,for,behind,here,there,everywhere,das,tegengestelden,0,far,high
great,small,for,behind,here,there,everywhere,das,tegengestelden,0,far,high
thick,thin,for,behind,here,there,everywhere,das,tegengestelden,0,,high
receipt,payment,crabs,itch,fish,jumping,almost,headache,teken van,0,far,high
runny nose,cold,crabs,itch,fish,jumping,almost,headache,teken van,0,near,high
stars,night,sunrise,morning,afternoon,evening,summer,bed,teken van,0,,high
heat,summer,sunrise,morning,afternoon,evening,summer,bed,teken van,0,,high
curl,good,strike out,error,good,red,master,school,teken van,0,far,low
arrow,direction,strike out,error,good,red,master,school,teken van,0,far,low
wrinkle,age,yawn,fatigue,late,sleep,mouth,tongue,teken van,0,far,high
hug,love,yawn,fatigue,late,sleep,mouth,tongue,teken van,0,far,high
swing,regards,applause,valuation,public,hands,hits,performance,teken van,0,far,high
swearing,anger,applause,valuation,public,hands,hits,performance,teken van,0,far,high
goosebumps,cold,frown,ponder,joy,forgotten,listen,hiking,teken van,0,far,low
spiced nuts,Sinterklaas,frown,ponder,joy,forgotten,listen,hiking,teken van,0,far,low
blush,shame,cry,sadness,sense,too bad,laugh,surprise,teken van,0,near,high
swing,regards,cry,sadness,sense,too bad,laugh,surprise,teken van,0,,high
siren,emergency service,luxury,rich,Ferrari,speed,beautiful,gasoline,teken van,0,far,high
garlands,party,luxury,rich,Ferrari,speed,beautiful,gasoline,teken van,0,far,high
red,hazard,black,mourning,winter,disappointment,closed,war,teken van,0,near,high
arrow,direction,bleeding,injury,patch,link,nurse,hospital,teken van,0,far,low
brat,cold,bleeding,injury,patch,link,nurse,hospital,teken van,0,,low
mushrooms,autumn,flowers,spring,warm,snow,swimming,summer,teken van,0,near,low
pumpkins,halloween,flowers,spring,warm,snow,swimming,summer,teken van,0,,low
embrace,support,nod,agree,nice,get bored,chain,together,teken van,0,,high
blush,shame,nod,agree,nice,get bored,chain,together,teken van,0,,high
green,nature,heart,love,drawing,chain,candy,friendship,teken van,0,near,high
wrinkle,age,heart,love,drawing,chain,candy,friendship,teken van,0,far,high
sweating,effort,kiss,love,pillow,bales,nice,lips,teken van,0,far,low
snoring,sleep,kiss,love,pillow,bales,nice,lips,teken van,0,far,low
yawn,sleep,kiss,love,pillow,bales,nice,lips,teken van,0,,low
fever,disease,laugh,joy,anger,sadness,shame,rage,teken van,0,,low
goosebumps,cold,tie,formal,woman,pack,clothing,casual,teken van,0,far,high
heat,summer,cold,winter,summer,shiver,eskimo,polar bear,teken van,0,near,low
mushrooms,autumn,cold,winter,summer,shiver,eskimo,polar bear,teken van,0,,low
arrow,direction,nail biting,stress,hunger,coziness,fever,manicure,teken van,0,far,low
receipt,payment,nail biting,stress,hunger,coziness,fever,manicure,teken van,0,far,low
swearing,anger,laugh,joy,sadness,loneliness,tension,sense,teken van,0,near,high
curl,good,laugh,joy,sadness,loneliness,tension,sense,teken van,0,,high
red,hazard,fireworks,new year,fear,China,start,competition,teken van,0,far,low
fireman,extinguishing,farmer,milking,yard,cow,carpentry,tractor,uitvoerder - actie,causal,,high
carpenter,carpentry,farmer,milking,yard,cow,carpentry,tractor,uitvoerder - actie,causal,far,high
baker,bins,farmer,milking,yard,cow,carpentry,tractor,uitvoerder - actie,causal,,high
wolf,cry,frog,jumping,itch,her,diving,crabs,uitvoerder - actie,causal,,high
fish,swimming,frog,jumping,itch,her,diving,crabs,uitvoerder - actie,causal,,high
baby,cry,child,play,toy,little brother,school,Miss,uitvoerder - actie,causal,near,high
father,parenting,child,play,toy,little brother,school,Miss,uitvoerder - actie,causal,near,high
frog,croaking,horse,whinny,whistle,mane,foal,hooves,uitvoerder - actie,causal,near,high
wolf,cry,horse,whinny,whistle,mane,foal,hooves,uitvoerder - actie,causal,,high
duck,croaking,rooster,crows,bark,bleat,meow,whinny,uitvoerder - actie,causal,,low
cow,moo,rooster,crows,bark,bleat,meow,whinny,uitvoerder - actie,causal,near,low
cat,meow,rooster,crows,bark,bleat,meow,whinny,uitvoerder - actie,causal,near,low
minister,reign,conductor,conducting,composing,manufacturing,edit,overhaul,uitvoerder - actie,causal,,low
conductor,check,conductor,conducting,composing,manufacturing,edit,overhaul,uitvoerder - actie,causal,far,low
conductor,check,singer,sing,music,false,validate,key,uitvoerder - actie,causal,far,low
retailer,sell,singer,sing,music,false,validate,key,uitvoerder - actie,causal,far,low
cow,moo,chicken,cackling,bark,meow,swimming,beep,uitvoerder - actie,causal,near,low
goat,whine,chicken,cackling,bark,meow,swimming,beep,uitvoerder - actie,causal,near,low
alarm,moo,phone,ringing,ringtone,chatting,cell phone,phone,uitvoerder - actie,causal,near,high
lamp,shine,phone,ringing,ringtone,chatting,cell phone,phone,uitvoerder - actie,causal,,high
lamp,shine,car,drive,send,sailing,climb,polishing,uitvoerder - actie,causal,,low
bicycle tire,deflate,car,drive,send,sailing,climb,polishing,uitvoerder - actie,causal,near,low
fish,swimming,tailor,sewing,fabric,pants,sewing machine,rain suit,uitvoerder - actie,causal,far,high
pilot,fly,tailor,sewing,fabric,pants,sewing machine,rain suit,uitvoerder - actie,causal,far,high
swimmer,swimming,runner,run,jumping,race,stumble,competition,uitvoerder - actie,causal,near,low
letter carrier,deliver,runner,run,jumping,race,stumble,competition,uitvoerder - actie,causal,far,low
soccer player,footballs,runner,run,jumping,race,stumble,competition,uitvoerder - actie,causal,far,low
master,explain,builder,masonry,jumping,cut,write,hit,uitvoerder - actie,causal,far,high
fireman,extinguishing,builder,masonry,jumping,cut,write,hit,uitvoerder - actie,causal,,high
gardener,gardening,clerk,operate,waiter,dining,restaurant,food,uitvoerder - actie,causal,,low
swimmer,swimming,clerk,operate,waiter,dining,restaurant,food,uitvoerder - actie,causal,far,low
father,parenting,teacher,teach,school,calculate,listen,master,uitvoerder - actie,causal,near,high
attorney,defend,teacher,teach,school,calculate,listen,master,uitvoerder - actie,causal,,high
bicycle tire,deflate,crane,leaks,open,wet,water,close,uitvoerder - actie,causal,near,high
alarm,go off,crane,leaks,open,wet,water,close,uitvoerder - actie,causal,,high
surgeon,operate,journalist,write,read,calculate,newspaper,television,uitvoerder - actie,causal,far,high
fisherman,fish,hunter,hunt,bow and arrow,forest,rod,rabbit,uitvoerder - actie,causal,near,
master,explain,hunter,hunt,bow and arrow,forest,rod,rabbit,uitvoerder - actie,causal,far,
pilot,fly,baker,bins,hat,plane,cake,store,uitvoerder - actie,causal,,high
cook,cooking,baker,bins,hat,plane,cake,store,uitvoerder - actie,causal,near,high
letter carrier,deliver,hairdresser,cut,write,polishing,fly,rain,uitvoerder - actie,causal,,low
gardener,gardening,hairdresser,cut,write,polishing,fly,rain,uitvoerder - actie,causal,far,low
dog,wag,cat,spiders,dance,fly,hopping,bark,uitvoerder - actie,causal,near,high
frog,croaking,cat,spiders,dance,fly,hopping,bark,uitvoerder - actie,causal,near,high
dog,bark,cat,meow,shout,beep,basket,wag,uitvoerder - actie,causal,near,high
duck,croaking,cat,meow,shout,beep,basket,wag,uitvoerder - actie,causal,near,high
attorney,defend,right,judge,attacks,lawyer,curvier,toga,uitvoerder - actie,causal,near,high
minister,reign,right,judge,attacks,lawyer,curvier,toga,uitvoerder - actie,causal,,high
carpenter,carpentry,ballet dancer,dance,wall,sleep,sing,fall,uitvoerder - actie,causal,far,low
bomb,explode,apple,fall,climb,food,worms,tree,uitvoerder - actie,causal,,high
flower,bloom,apple,fall,climb,food,worms,tree,uitvoerder - actie,causal,,high
goat,whine,sheep,bleat,bark,wool,whey,food,uitvoerder - actie,causal,near,high
dog,bark,sheep,bleat,bark,wool,whey,food,uitvoerder - actie,causal,near,high
surgeon,operate,waiter,serve,restaurant,cafe,drinks,tray,uitvoerder - actie,causal,far,high
fisherman,fish,waiter,serve,restaurant,cafe,drinks,tray,uitvoerder - actie,causal,far,high
retailer,sell,bicycle mechanic,repair,valve,chain,send,wheel,uitvoerder - actie,causal,near,low
carpenter,carpentry,bicycle mechanic,repair,valve,chain,send,wheel,uitvoerder - actie,causal,,low
flower,bloom,seed,sprouting,earth,buried,plants,straw,uitvoerder - actie,causal,near,low
dog,wag,seed,sprouting,earth,buried,plants,straw,uitvoerder - actie,causal,far,low
cook,cooking,soldier,fight,army,rifle,uniform,polishing,uitvoerder - actie,causal,far,high
baby,cry,soldier,fight,army,rifle,uniform,polishing,uitvoerder - actie,causal,,high
